,art,intensity_std,intensity_mean,phase_std,phase_mean,mod_std,mod_mean
0,Ahorn,0.026728227734565735,0.32285118103027344,0.06429310888051987,1.5663411617279053,0.3705163300037384,2.8952131271362305
1,Ahorn,0.024602355435490608,0.2833205461502075,0.05609913542866707,1.5773755311965942,0.17576618492603302,2.9059667587280273
2,Ahorn,0.02572430856525898,0.2606377899646759,0.07098591327667236,1.4900641441345215,0.17555509507656097,2.8304789066314697
3,Ahorn,0.028975674882531166,0.26921939849853516,0.06603100895881653,1.468688726425171,0.174277201294899,2.793097972869873
4,Ahorn,0.03284670412540436,0.3131614923477173,0.07047401368618011,1.5226093530654907,0.1801835000514984,2.849766492843628
5,Ahorn,0.02886842004954815,0.3086051344871521,0.067551389336586,1.4752497673034668,0.3687070310115814,2.751891851425171
6,Ahorn,0.03488807752728462,0.3356524407863617,0.06571068614721298,1.53551185131073,0.3637727200984955,2.8270797729492188
7,Ahorn,0.027582714334130287,0.3177137076854706,0.059103045612573624,1.4965853691101074,0.36645403504371643,2.817805767059326
8,Ahorn,0.027597658336162567,0.2989281117916107,0.05863479897379875,1.5015500783920288,0.16799667477607727,2.84733510017395
9,Ahorn,0.03194480016827583,0.33108487725257874,0.05577733367681503,1.5207912921905518,0.36970236897468567,2.8321328163146973
10,Ahorn,0.02958155982196331,0.33136487007141113,0.05918626859784126,1.545526146888733,0.3711920380592346,2.86759614944458
11,Ahorn,0.03174953535199165,0.331057071685791,0.061609141528606415,1.5298590660095215,0.3705049157142639,2.857051134109497
12,Ahorn,0.025228435173630714,0.32777640223503113,0.058503977954387665,1.544703722000122,0.37073782086372375,2.8895411491394043
13,Ahorn,0.025103876367211342,0.336996465921402,0.050738539546728134,1.644631028175354,0.36720502376556396,2.904684066772461
14,Ahorn,0.028224950656294823,0.3725449740886688,0.05584687739610672,1.6452559232711792,0.36770448088645935,2.9023959636688232
15,Ahorn,0.046832483261823654,0.41602447628974915,0.05560379475355148,1.6416751146316528,0.3708011209964752,2.8375329971313477
16,Ahorn,0.03467986732721329,0.3867833614349365,0.05849199369549751,1.6237738132476807,0.36921918392181396,2.833817958831787
17,Ahorn,0.02480318583548069,0.2552614212036133,0.06709622591733932,1.559493899345398,0.19374427199363708,2.902841329574585
18,Ahorn,0.03262387216091156,0.2859119772911072,0.06061190366744995,1.53711998462677,0.18721510469913483,2.8826310634613037
19,Ahorn,0.02784186415374279,0.2845832407474518,0.06877356767654419,1.5331239700317383,0.37700408697128296,2.8492929935455322
20,Ahorn,0.035106807947158813,0.3033427596092224,0.0614008791744709,1.569990634918213,0.18637238442897797,2.8901865482330322
21,Ahorn,0.030344659462571144,0.26906901597976685,0.07079847157001495,1.5845301151275635,0.3779311180114746,2.9439849853515625
22,Ahorn,0.029688110575079918,0.29087722301483154,0.05714542791247368,1.5791776180267334,0.17694075405597687,2.912595272064209
23,Ahorn,0.030506331473588943,0.3015299439430237,0.06020231917500496,1.6153720617294312,0.37450310587882996,2.953233003616333
24,Ahorn,0.027882128953933716,0.23679956793785095,0.06411119550466537,1.579634189605713,0.18842796981334686,2.9372026920318604
25,Ahorn,0.02155924402177334,0.23793195188045502,0.06268371641635895,1.6047117710113525,0.18268346786499023,2.9845449924468994
26,Ahorn,0.02836218662559986,0.2396649569272995,0.07956774532794952,1.5710848569869995,0.1926339864730835,2.9301888942718506
27,Ahorn,0.022524133324623108,0.2629592716693878,0.06664478033781052,1.595951795578003,0.18167147040367126,2.9525959491729736
28,Ahorn,0.022954056039452553,0.2586526870727539,0.06354176253080368,1.621030330657959,0.18137304484844208,3.0165107250213623
29,Ahorn,0.027847060933709145,0.24070027470588684,0.06582019478082657,1.6042068004608154,0.18972700834274292,3.002669095993042
30,Ahorn,0.022657286375761032,0.24032749235630035,0.06438059359788895,1.6109490394592285,0.1944931298494339,3.0024616718292236
31,Ahorn,0.023547597229480743,0.2448771446943283,0.06743530929088593,1.6134041547775269,0.1894143521785736,3.003399610519409
32,Buche,0.03684427589178085,0.21723933517932892,0.10015881806612015,1.389693260192871,0.26635128259658813,2.6409339904785156
33,Buche,0.022176960483193398,0.12185721844434738,0.09287957847118378,1.2356841564178467,0.8084977865219116,2.680443286895752
34,Buche,0.027724115177989006,0.1337454915046692,0.08928117901086807,1.2857366800308228,0.4437686502933502,2.4804251194000244
35,Buche,0.027388814836740494,0.14692547917366028,0.09675563126802444,1.232858419418335,0.5436116456985474,2.429553508758545
36,Buche,0.030228622257709503,0.2005564272403717,0.05606234818696976,1.3832024335861206,0.414169043302536,2.5921072959899902
37,Buche,0.023433491587638855,0.15602236986160278,0.06553506851196289,1.3364657163619995,0.42274823784828186,2.6240315437316895
38,Buche,0.028055476024746895,0.1661386936903,0.08301607519388199,1.268408179283142,0.4307650923728943,2.4999499320983887
39,Buche,0.03069302812218666,0.18019193410873413,0.07490527629852295,1.3535624742507935,0.5308043956756592,2.5604474544525146
40,Buche,0.03619971126317978,0.21131856739521027,0.06708014756441116,1.383371114730835,0.24902623891830444,2.6001203060150146
41,Buche,0.029357096180319786,0.21519558131694794,0.07503346353769302,1.3719003200531006,0.40751704573631287,2.5977039337158203
42,Buche,0.03400937095284462,0.13928544521331787,0.10053299367427826,1.2548936605453491,0.6466966271400452,2.5765819549560547
43,Buche,0.029821714386343956,0.1375645101070404,0.1018141657114029,1.2080076932907104,0.9272615909576416,2.5331835746765137
44,Buche,0.03340664133429527,0.18309661746025085,0.06677724421024323,1.3259174823760986,0.42804116010665894,2.565908193588257
45,Buche,0.02257794886827469,0.13171328604221344,0.07973095774650574,1.315425992012024,0.7991948127746582,2.666156530380249
46,Buche,0.028506940230727196,0.1731383055448532,0.07768213003873825,1.3771392107009888,0.7139001488685608,2.6894357204437256
47,Buche,0.036183275282382965,0.13674816489219666,0.0918503850698471,1.2645158767700195,0.8056212663650513,2.627274990081787
48,Buche,0.022423772141337395,0.15628337860107422,0.07972428947687149,1.2596246004104614,0.6383180022239685,2.5626349449157715
49,Buche,0.019480222836136818,0.11506488174200058,0.08820272982120514,1.0929523706436157,1.0477495193481445,2.453782320022583
50,Buche,0.02171078324317932,0.13450776040554047,0.08755020797252655,1.1947349309921265,0.8083397746086121,2.543412685394287
51,Buche,0.017909154295921326,0.12297793477773666,0.076015405356884,1.2064887285232544,0.8094924688339233,2.5956554412841797
52,Buche,0.0229327455163002,0.09949013590812683,0.11356780678033829,1.2277618646621704,1.3716251850128174,2.7315900325775146
53,Buche,0.022822780534625053,0.10501359403133392,0.13702522218227386,1.1869850158691406,1.2438379526138306,2.691257953643799
54,Buche,0.025117291137576103,0.1465461403131485,0.08354836702346802,1.304961919784546,0.7273514866828918,2.7271645069122314
55,Buche,0.024879055097699165,0.16749782860279083,0.07506577670574188,1.3465981483459473,0.6336317658424377,2.741584062576294
56,Buche,0.01800120621919632,0.10992442816495895,0.0889153853058815,1.2183257341384888,0.9418018460273743,2.7035317420959473
57,Buche,0.024128586053848267,0.13169750571250916,0.10277271270751953,1.2926241159439087,0.9248068928718567,2.7275640964508057
58,Buche,0.019628049805760384,0.10810400545597076,0.09973683208227158,1.1438778638839722,1.000147819519043,2.5989205837249756
59,Buche,0.017168885096907616,0.12478675693273544,0.08453056961297989,1.2207852602005005,0.9341949820518494,2.656575918197632
60,Buche,0.023553667590022087,0.12265133112668991,0.08628331869840622,1.1804264783859253,0.8770721554756165,2.6095683574676514
61,Buche,0.025701332837343216,0.16190917789936066,0.07823807746171951,1.2946218252182007,1.5701830387115479,2.679372787475586
62,Buche,0.014369766227900982,0.10622627288103104,0.08480454236268997,1.1288127899169922,0.9473538994789124,2.5928657054901123
63,Buche,0.03586144745349884,0.14615735411643982,0.08849892020225525,1.266624927520752,0.6894333362579346,2.7038586139678955
64,Eiche,0.03295007348060608,0.41562744975090027,0.08739281445741653,1.4109784364700317,0.21649926900863647,2.4526262283325195
65,Eiche,0.038309454917907715,0.3713946044445038,0.06900837272405624,1.3866939544677734,0.216377854347229,2.5364129543304443
66,Eiche,0.04166021570563316,0.2972818911075592,0.1157437339425087,1.2025624513626099,0.5165440440177917,2.313746452331543
67,Eiche,0.034749504178762436,0.39598074555397034,0.0659281462430954,1.3182270526885986,0.205982506275177,2.360600233078003
68,Eiche,0.033907536417245865,0.33751770853996277,0.06479570269584656,1.2665565013885498,0.20964942872524261,2.3516762256622314
69,Eiche,0.047394897788763046,0.3140527307987213,0.06545107811689377,1.2333272695541382,0.2155728042125702,2.3367221355438232
70,Eiche,0.056079406291246414,0.37430474162101746,0.09032399207353592,1.3250632286071777,0.2187059223651886,2.419663429260254
71,Eiche,0.04059102013707161,0.4707665741443634,0.06665465235710144,1.4733608961105347,0.2253398597240448,2.5492351055145264
72,Eiche,0.03417722508311272,0.41231775283813477,0.056313686072826385,1.4103318452835083,0.20905709266662598,2.5118353366851807
73,Eiche,0.02894165739417076,0.37449896335601807,0.058199066668748856,1.377032995223999,0.20827193558216095,2.4761147499084473
74,Eiche,0.042720116674900055,0.39351725578308105,0.07124865055084229,1.4043914079666138,0.2207142561674118,2.4686334133148193
75,Eiche,0.03397274389863014,0.47519558668136597,0.06801256537437439,1.3960237503051758,0.23696929216384888,2.391638994216919
76,Eiche,0.043794840574264526,0.4856533408164978,0.09381713718175888,1.479067087173462,0.24444562196731567,2.521273612976074
77,Eiche,0.04701736569404602,0.4097408354282379,0.07191457599401474,1.351352334022522,0.22810398042201996,2.4355080127716064
78,Eiche,0.036368776112794876,0.4197681248188019,0.08173301070928574,1.415419578552246,0.21882285177707672,2.4944076538085938
79,Eiche,0.05113817751407623,0.43878474831581116,0.07066660374403,1.403823733329773,0.23532497882843018,2.4185197353363037
80,Eiche,0.03559662401676178,0.3966396152973175,0.06695936620235443,1.3769619464874268,0.2120823711156845,2.4861068725585938
81,Eiche,0.028592422604560852,0.2970869541168213,0.05462462082505226,1.3068498373031616,0.3909163773059845,2.4685261249542236
82,Eiche,0.04224130138754845,0.2948111891746521,0.07637812197208405,1.2764220237731934,0.3965452313423157,2.433546543121338
83,Eiche,0.049411382526159286,0.3409358561038971,0.06767646968364716,1.3675447702407837,0.21614931523799896,2.5617148876190186
84,Eiche,0.035050153732299805,0.3678639531135559,0.06421061605215073,1.353257656097412,0.21714015305042267,2.5010809898376465
85,Eiche,0.047415249049663544,0.35415443778038025,0.08218744397163391,1.2886687517166138,0.22446902096271515,2.436753988265991
86,Eiche,0.030897386372089386,0.34771785140037537,0.05997839570045471,1.3034003973007202,0.21757176518440247,2.4517126083374023
87,Eiche,0.039507169276475906,0.372386634349823,0.07281331717967987,1.335344910621643,0.2262314409017563,2.4904065132141113
88,Eiche,0.03344481438398361,0.4369716942310333,0.058851759880781174,1.4928499460220337,0.22737516462802887,2.606444835662842
89,Eiche,0.03663000091910362,0.4598560333251953,0.08013554662466049,1.5078188180923462,0.23656876385211945,2.636701822280884
90,Eiche,0.027948882430791855,0.44332724809646606,0.06993906944990158,1.5008562803268433,0.2194642275571823,2.6436049938201904
91,Eiche,0.03436959162354469,0.39640581607818604,0.06644093990325928,1.4545693397521973,0.2220015972852707,2.594517230987549
92,Eiche,0.0498250275850296,0.47163164615631104,0.06661196798086166,1.4346771240234375,0.2451365441083908,2.484762668609619
93,Eiche,0.041341155767440796,0.4001256227493286,0.06320159137248993,1.4292705059051514,0.3997785747051239,2.5467991828918457
94,Eiche,0.037647198885679245,0.479165256023407,0.064461350440979,1.5269032716751099,0.2333366870880127,2.645840644836426
95,Eiche,0.05106241628527641,0.46307840943336487,0.07619883120059967,1.476052165031433,0.24101173877716064,2.572882652282715
96,Kiefer,0.08533605188131332,0.6692769527435303,0.05121896415948868,1.5111057758331299,0.19656185805797577,2.6436116695404053
97,Kiefer,0.05619291961193085,0.513363242149353,0.05082087218761444,1.5261083841323853,0.19632379710674286,2.690035581588745
98,Kiefer,0.06316640973091125,0.6016229391098022,0.06670017540454865,1.5223644971847534,0.19473117589950562,2.62577223777771
99,Kiefer,0.046522106975317,0.622558057308197,0.058422308415174484,1.4128552675247192,0.18386946618556976,2.541660785675049
100,Kiefer,0.08299732208251953,0.6614770889282227,0.07692611962556839,1.4935005903244019,0.18613074719905853,2.6113052368164062
101,Kiefer,0.06083248555660248,0.5592346787452698,0.04362171143293381,1.382171630859375,0.19975942373275757,2.501497507095337
102,Kiefer,0.057147614657878876,0.6352027654647827,0.049672532826662064,1.5310593843460083,0.1808217316865921,2.632089614868164
103,Kiefer,0.06049098074436188,0.5866891145706177,0.04549787566065788,1.4650732278823853,0.18536405265331268,2.5938363075256348
104,Kiefer,0.06102367118000984,0.5922603011131287,0.059503134340047836,1.4774317741394043,0.18866665661334991,2.5906293392181396
105,Kiefer,0.10520575195550919,0.7411436438560486,0.07946208864450455,1.7533437013626099,0.21288737654685974,2.9010255336761475
106,Kiefer,0.04833890125155449,0.5631029605865479,0.04309816285967827,1.4423002004623413,0.18808113038539886,2.550518751144409
107,Kiefer,0.07368598133325577,0.5652419924736023,0.042739298194646835,1.3781962394714355,0.1967579573392868,2.5333633422851562
108,Kiefer,0.07843759655952454,0.7015500068664551,0.0482858270406723,1.6044087409973145,0.18656639754772186,2.713918447494507
109,Kiefer,0.10896379500627518,0.7359218597412109,0.07865612208843231,1.4876987934112549,0.21760644018650055,2.6610426902770996
110,Kiefer,0.06632394343614578,0.8447977304458618,0.057025741785764694,1.8682681322097778,0.2027295082807541,3.0771889686584473
111,Kiefer,0.05654127523303032,0.6429696083068848,0.045470256358385086,1.5455636978149414,0.18806523084640503,2.649690866470337
112,Kiefer,0.041347067803144455,0.6214379668235779,0.04601927846670151,1.4795397520065308,0.1896369904279709,2.5966691970825195
113,Kiefer,0.04604066535830498,0.46925613284111023,0.047163575887680054,1.361161470413208,0.19375890493392944,2.5374505519866943
114,Kiefer,0.04894139617681503,0.45956140756607056,0.054449412971735,1.3357208967208862,0.20600764453411102,2.5205469131469727
115,Kiefer,0.07294932007789612,0.47408607602119446,0.06806295365095139,1.3924466371536255,0.21810825169086456,2.6103200912475586
116,Kiefer,0.05863416939973831,0.4834524989128113,0.05395728349685669,1.391502857208252,0.2035236656665802,2.591110944747925
117,Kiefer,0.05887957289814949,0.5023724436759949,0.046732060611248016,1.5238817930221558,0.19865788519382477,2.6789791584014893
118,Kiefer,0.0322595052421093,0.4595748782157898,0.046381834894418716,1.512294888496399,0.19690705835819244,2.689476251602173
119,Kiefer,0.042460501194000244,0.4887961447238922,0.04723517596721649,1.5198687314987183,0.19424130022525787,2.693274974822998
120,Kiefer,0.054430123418569565,0.5587444305419922,0.09150490909814835,1.5080955028533936,0.2018936574459076,2.7089765071868896
121,Kiefer,0.05041726678609848,0.5111491084098816,0.059535913169384,1.4368995428085327,0.20740804076194763,2.663748025894165
122,Kiefer,0.07016181200742722,0.5260716080665588,0.06764720380306244,1.448132038116455,0.2188422828912735,2.6887001991271973
123,Kiefer,0.059044402092695236,0.5223255157470703,0.06782600283622742,1.500713586807251,0.20324550569057465,2.7230474948883057
124,Kiefer,0.04301462322473526,0.5585019588470459,0.050473183393478394,1.5818413496017456,0.19519121944904327,2.785123586654663
125,Kiefer,0.03916636481881142,0.491986483335495,0.05187906697392464,1.5214799642562866,0.19872935116291046,2.7285242080688477
126,Kiefer,0.04065132513642311,0.49865981936454773,0.06169778108596802,1.5048943758010864,0.19898872077465057,2.7014658451080322
127,Kiefer,0.050768766552209854,0.49539974331855774,0.05186780169606209,1.49613618850708,0.20445074141025543,2.6864748001098633
128,Laerche,0.038270365446805954,0.3117799162864685,0.05120057985186577,0.998349666595459,0.4247184693813324,2.0210578441619873
129,Laerche,0.03752671927213669,0.28660157322883606,0.07152187079191208,1.000014305114746,0.4218275845050812,1.9462746381759644
130,Laerche,0.03401658684015274,0.23158344626426697,0.05437365919351578,0.8533480763435364,0.561392605304718,1.8749054670333862
131,Laerche,0.03157033398747444,0.21700860559940338,0.06121073290705681,0.8171371817588806,0.46935591101646423,1.8990612030029297
132,Laerche,0.0438217893242836,0.24295762181282043,0.08760711550712585,0.8891569972038269,0.46506190299987793,1.9806547164916992
133,Laerche,0.029604017734527588,0.2976357936859131,0.054551661014556885,0.9962031841278076,0.2655089497566223,2.0381312370300293
134,Laerche,0.03775094076991081,0.23987647891044617,0.05554118752479553,0.9190722107887268,0.6520693302154541,2.0129129886627197
135,Laerche,0.03300129994750023,0.2257509082555771,0.06288963556289673,0.8185456991195679,0.6609663963317871,1.8886467218399048
136,Laerche,0.037739794701337814,0.26349788904190063,0.062169384211301804,0.9815353155136108,0.2826753556728363,2.0713202953338623
137,Laerche,0.026620110496878624,0.2607594132423401,0.049122195690870285,0.9513898491859436,0.4382898509502411,2.002849817276001
138,Laerche,0.034667789936065674,0.21942582726478577,0.06745380163192749,0.853965699672699,0.5743066072463989,1.9597138166427612
139,Laerche,0.03698797523975372,0.27614307403564453,0.055911604315042496,0.9366955161094666,0.43279263377189636,1.9853489398956299
140,Laerche,0.03293626010417938,0.2922297418117523,0.05237598344683647,0.9908449649810791,0.42777690291404724,2.0103650093078613
141,Laerche,0.04136792570352554,0.21382023394107819,0.07059624791145325,0.8608319759368896,0.6751804351806641,2.0327696800231934
142,Laerche,0.03339903801679611,0.27966800332069397,0.05137735977768898,1.003174901008606,0.43114012479782104,2.0803515911102295
143,Laerche,0.03464050218462944,0.23623694479465485,0.06203874945640564,0.9582535028457642,0.5580286383628845,2.098958969116211
144,Laerche,0.024816056713461876,0.21226385235786438,0.05466051399707794,0.9334660172462463,0.6553483009338379,2.086216926574707
145,Laerche,0.03277848660945892,0.21298450231552124,0.07635975629091263,0.9242513179779053,0.657343864440918,2.1006271839141846
146,Laerche,0.022319521754980087,0.2116338610649109,0.05813749507069588,0.8944209814071655,0.6559541821479797,2.0525636672973633
147,Laerche,0.02540569193661213,0.27729812264442444,0.05528831481933594,1.0961997509002686,0.5347707867622375,2.2456343173980713
148,Laerche,0.026743363589048386,0.26363611221313477,0.05978952348232269,1.0745872259140015,0.426555335521698,2.240753173828125
149,Laerche,0.028344545513391495,0.2562008500099182,0.0616874136030674,1.0313538312911987,0.5451772809028625,2.1678571701049805
150,Laerche,0.029980681836605072,0.2573683559894562,0.054684411734342575,1.0171895027160645,0.5440541505813599,2.1418991088867188
151,Laerche,0.036301806569099426,0.27954211831092834,0.07528332620859146,1.0265429019927979,0.5380504131317139,2.1523044109344482
152,Laerche,0.030692892149090767,0.23655223846435547,0.06760699301958084,0.9836090803146362,0.5549414753913879,2.170997142791748
153,Laerche,0.03264927864074707,0.21179157495498657,0.08806850761175156,0.9595400094985962,0.5653778314590454,2.1858608722686768
154,Laerche,0.0327475406229496,0.20879334211349487,0.10031095147132874,0.9504037499427795,0.6536703705787659,2.1702284812927246
155,Laerche,0.047183189541101456,0.24156153202056885,0.12337575107812881,0.9819629788398743,0.642650842666626,2.1597206592559814
156,Laerche,0.030442817136645317,0.27450254559516907,0.056887537240982056,0.9786725640296936,0.5420718193054199,2.0536718368530273
157,Laerche,0.027863217517733574,0.2455383986234665,0.05648301541805267,0.9333543181419373,0.5538433790206909,2.047640562057495
158,Laerche,0.0315060056746006,0.2500579059123993,0.056645262986421585,0.9233617782592773,0.5508558750152588,2.026993989944458
159,Laerche,0.02624003402888775,0.24816493690013885,0.0543842576444149,0.9170012474060059,0.553091287612915,2.007840156555176
